{
  "Mercedes-AMG Petronas Formula One Team": {
    "pneumatici": "Pirelli",
    "motore": "Mercedes",
    "piloti": [
      {
        "nome": "Lewis Hamilton",
        "numero": 44,
        "nazione": "Regno Unito",
        "data_di_nascita": "7 gennaio 1985",
		"img":".jpg"
      },
      {
        "nome": "Valtteri Bottas",
        "numero": 77,
        "nazione": "Finlandia",
        "data_di_nascita": "28 agosto 1989",
		"img":".jpg"
      }
    ]
  },
  "Red Bull Racing": {
    "pneumatici": "Pirelli",
    "motore": "Honda",
    "piloti": [
      {
        "nome": "Max Verstappen",
        "numero": 33,
        "nazione": "Paesi Bassi",
        "data_di_nascita": "30 settembre 1997",
		"img":".jpg"
      },
      {
        "nome": "Sergio Perez",
        "numero": 11,
        "nazione": "Messico",
        "data_di_nascita": "26 gennaio 1990",
		"img":".jpg"
      }
    ]
  },
  "Scuderia Ferrari": {
    "pneumatici": "Pirelli",
    "motore": "Ferrari",
    "piloti": [
      {
        "nome": "Charles Leclerc",
        "numero": 16,
        "nazione": "Monaco",
        "data_di_nascita": "16 ottobre 1997",
		"img":".jpg"
      },
      {
        "nome": "Carlos Sainz",
        "numero": 55,
        "nazione": "Spagna",
        "data_di_nascita": "1º settembre 1994",
		"img":".jpg"
      }
    ]
  },
  "McLaren F1 Team": {
    "pneumatici": "Pirelli",
    "motore": "Mercedes",
    "piloti": [
      {
        "nome": "Lando Norris",
        "numero": 4,
        "nazione": "Regno Unito",
        "data_di_nascita": "13 novembre 1999",
		"img":".jpg"
      },
      {
        "nome": "Daniel Ricciardo",
        "numero": 3,
        "nazione": "Australia",
        "data_di_nascita": "1º luglio 1989",
		"img":".jpg"
      }
    ]
  },
  "Aston Martin Cognizant Formula One Team": {
    "pneumatici": "Pirelli",
    "motore": "Mercedes",
    "piloti": [
      {
        "nome": "Sebastian Vettel",
        "numero": 5,
        "nazione": "Germania",
        "data_di_nascita": "3 luglio 1987",
		"img":".jpg"
      },
      {
        "nome": "Lance Stroll",
        "numero": 18,
        "nazione": "Canada",
        "data_di_nascita": "29 ottobre 1998",
		"img":".jpg"
      }
    ]
  },
  "Alpine F1 Team": {
    "pneumatici": "Pirelli",
    "motore": "Renault",
    "piloti": [
      {
        "nome": "Fernando Alonso",
        "numero": 14,
        "nazione": "Spagna",
        "data_di_nascita": "29 luglio 1981",
		"img":".jpg"
      },
      {
        "nome": "Esteban Ocon",
        "numero": 31,
        "nazione": "Francia",
        "data_di_nascita": "17 settembre 1996",
		"img":".jpg"
      }
    ]
  },
  "Scuderia AlphaTauri Honda": {
    "pneumatici": "Pirelli",
    "motore": "Honda",
    "piloti": [
      {
        "nome": "Pierre Gasly",
        "numero": 10,
        "nazione": "Francia",
        "data_di_nascita": "7 febbraio 1996",
		"img":".jpg"
      },
      {
        "nome": "Yuki Tsunoda",
        "numero": 22,
        "nazione": "Giappone",
        "data_di_nascita": "11 maggio 2000",
		"img":".jpg"
      }
    ]
  },
  "Alfa Romeo Racing Orlen": {
    "pneumatici": "Pirelli",
    "motore": "Ferrari",
    "piloti": [
      {
        "nome": "Kimi Räikkönen",
        "numero": 7,
        "nazione": "Finlandia",
        "data_di_nascita": "17 ottobre 1979",
		"img":".jpg"
      },
      {
        "nome": "Antonio Giovinazzi",
        "numero": 99,
        "nazione": "Italia",
        "data_di_nascita": "14 dicembre 1993",
		"img":".jpg"
      }
    ]
  },
  "Haas F1 Team": {
    "pneumatici": "Pirelli",
    "motore": "Ferrari",
    "piloti": [
      {
        "nome": "Nikita Mazepin",
        "numero": 9,
        "nazione": "Russia",
        "data_di_nascita": "2 marzo 1999",
		"img":".jpg"
      },
      {
        "nome": "Mick Schumacher",
        "numero": 47,
        "nazione": "Germania",
        "data_di_nascita": "22 marzo 1999",
		"img":".jpg"
      }
    ]
  },
  "Williams Racing": {
    "pneumatici": "Pirelli",
    "motore": "Mercedes",
    "piloti": [
      {
        "nome": "George Russell",
        "numero": 63,
        "nazione": "Regno Unito",
        "data_di_nascita": "15 febbraio 1998",
		"img":".jpg"
      },
      {
        "nome": "Nicholas Latifi",
        "numero": 6,
        "nazione": "Canada",
        "data_di_nascita": "29 giugno 1995",
		"img":".jpg"
      }
    ]
  }
}
